{"cameraMode":{"drawMode":0,"name":"Shaded","section":"Shading Mode"},"sceneLighting":true,"audioPlay":false,"sceneViewState":{"showFog":true,"showMaterialUpdate":false,"showSkybox":true,"showFlares":true,"showImageEffects":true,"showParticleSystems":true},"in2DMode":false,"pivot":{"x":-74.27232360839844,"y":28.49860954284668,"z":-24.125032424926759},"rotation":{"x":0.31320008635520937,"y":0.34261655807495119,"z":-0.1222856342792511,"w":0.8772778511047363},"size":6.6685028076171879,"orthographic":false}