{"cameraMode":{"drawMode":0,"name":"Shaded","section":"Shading Mode"},"sceneLighting":true,"audioPlay":false,"sceneViewState":{"showFog":true,"showMaterialUpdate":false,"showSkybox":true,"showFlares":true,"showImageEffects":true,"showParticleSystems":true},"in2DMode":false,"pivot":{"x":20.72314453125,"y":-6.141452312469482,"z":43.724796295166019},"rotation":{"x":-0.09628409147262573,"y":-0.236261785030365,"z":0.023692987859249116,"w":-0.9666926264762878},"size":27.254833221435548,"orthographic":false}