{"cameraMode":{"drawMode":0,"name":"Shaded","section":"Shading Mode"},"sceneLighting":true,"audioPlay":false,"sceneViewState":{"showFog":true,"showMaterialUpdate":false,"showSkybox":true,"showFlares":true,"showImageEffects":true,"showParticleSystems":true},"in2DMode":false,"pivot":{"x":17.513256072998048,"y":-10.079562187194825,"z":26.277008056640626},"rotation":{"x":0.20563995838165284,"y":0.20922112464904786,"z":-0.045050639659166339,"w":0.9549464583396912},"size":30.48680877685547,"orthographic":false}