{"cameraMode":{"drawMode":0,"name":"Shaded","section":"Shading Mode"},"sceneLighting":true,"audioPlay":false,"sceneViewState":{"showFog":true,"showMaterialUpdate":false,"showSkybox":true,"showFlares":true,"showImageEffects":true,"showParticleSystems":true},"in2DMode":false,"pivot":{"x":-0.14848542213439942,"y":0.6848413348197937,"z":9.826488494873047},"rotation":{"x":-0.03780674561858177,"y":0.0017838065978139639,"z":0.000058734694903250784,"w":-0.9993667602539063},"size":8.11447525024414,"orthographic":false}