{"cameraMode":{"drawMode":0,"name":"Shaded","section":"Shading Mode"},"sceneLighting":false,"audioPlay":false,"sceneViewState":{"showFog":true,"showMaterialUpdate":false,"showSkybox":false,"showFlares":true,"showImageEffects":true,"showParticleSystems":true},"in2DMode":false,"pivot":{"x":6.194042205810547,"y":-0.730339527130127,"z":-0.5179640650749207},"rotation":{"x":-0.06983357667922974,"y":-0.7660365700721741,"z":0.08445799350738526,"w":-0.6333884596824646},"size":5.759627342224121,"orthographic":false}