{"cameraMode":{"drawMode":0,"name":"Shaded","section":"Shading Mode"},"sceneLighting":true,"audioPlay":false,"sceneViewState":{"showFog":true,"showMaterialUpdate":false,"showSkybox":true,"showFlares":true,"showImageEffects":true,"showParticleSystems":true},"in2DMode":false,"pivot":{"x":0.024970047175884248,"y":-0.8337068557739258,"z":0.4897988736629486},"rotation":{"x":0.46152499318122866,"y":0.1671331226825714,"z":-0.08899608999490738,"w":0.8667104840278626},"size":1.2374329566955567,"orthographic":false}